,Title,Category,Comments,Upvotes,Upvote Ratio,Created At,Link
0,"OUR LORD AND SAVIOUR MARC MERRILL HAS SAID IF THIS POST GETS TO THE TOP OF /R/ALL, HE WILL GIVE GRAVES A CIGAR AGAIN!",,865,68964,0.77,1491007705.0,https://www.reddit.com/r/leagueoflegends/comments/62phzt/our_lord_and_saviour_marc_merrill_has_said_if/
1,"Here is my masterpiece. A funcional project ashe bow for my cossplay of her. it took me more than a houndred hours and eighty euros (with a lot of recycled materials and others that i already had) but i think all the effort has been worthit, enjoy. (sorry for the quality)",,907,62350,0.93,1593276899.0,https://v.redd.it/c5djk6regh751
2,Tyler1 unbanned from League of Legends,,4820,53884,0.78,1515093622.0,https://www.reddit.com/r/leagueoflegends/comments/7o5bj9/tyler1_unbanned_from_league_of_legends/
3,"Jesus Christ. If this gets enough upvotes it will be the first result when people search for ""Jesus Christ""",,303,50984,0.76,1522599840.0,https://i.redd.it/l11rok6fpbp01.jpg
4,End me.,,606,50142,0.96,1585773455.0,https://i.imgur.com/i9Uj2ch.png
5,DoubleLift's Statement on his Family,Serious,3891,50033,0.9,1522634746.0,http://www.twitlonger.com/show/n_1sqg4s1
6,"Totalbiscuit has passed away, let us never forget the contribution he has given this game among many others",,1008,49028,0.84,1527205828.0,https://www.reddit.com/r/leagueoflegends/comments/8lxchp/totalbiscuit_has_passed_away_let_us_never_forget/
7,"Fake Moba. If this gets enough upvotes it will be the first image to show up when searching ""Fake Moba""",,982,46772,0.68,1491057651.0,http://i.imgur.com/b1S8KQO.jpg
8,Tahm Kench getting married - by @Hinoyyyyy,,406,45195,0.92,1575133655.0,https://v.redd.it/6v06d16gvu141
9,[Spoiler] Counter Logic Gaming vs Team SoloMid / NA LCS 2015 Summer - Final / Post-Match Discussion,Karma,9434,43486,0.83,1440374380.0,https://www.reddit.com/r/leagueoflegends/comments/3i506g/spoiler_counter_logic_gaming_vs_team_solomid_na/
10,"Dodging is more than skill, it's Art",,924,42600,0.95,1577485726.0,https://v.redd.it/yt8p07lx49741
11,"Tarzaned runs it down then afks, ending the game 2/11 while flaming Froggen",,2664,42532,0.89,1565303007.0,https://www.reddit.com/r/leagueoflegends/comments/cnt2wl/tarzaned_runs_it_down_then_afks_ending_the_game/
12,"I'm almost 43, I just hit Gold, and I have no one to tell it to.",,1674,42322,0.9,1592233022.0,https://www.reddit.com/r/leagueoflegends/comments/h9hxzf/im_almost_43_i_just_hit_gold_and_i_have_no_one_to/
13,"If this post gets 32768 upvotes, I'll post it again with 32768 Merrills.",,976,41507,0.66,1522618648.0,https://i.redd.it/hojrou0e9dp01.png
14,Doublelift announces retirement,,3195,41122,0.87,1606338531.0,https://www.twitlonger.com/show/n_1srg0gj
15,Riot is forcing me to change my name due to Coronavirus.,,3420,40284,0.93,1586881958.0,https://www.reddit.com/r/leagueoflegends/comments/g18sl2/riot_is_forcing_me_to_change_my_name_due_to/
16,Every person who upvote will be gifted $10 rp. No bamboozle,,536,40175,0.84,1522561669.0,https://www.reddit.com/r/leagueoflegends/comments/88orjl/every_person_who_upvote_will_be_gifted_10_rp_no/
17,"I made a tiktok transforming myself into Sylas, hope you guys gonna like it!",,570,39866,0.87,1591319111.0,https://v.redd.it/fpj54btcqz251
18,"BREAKING NEWS: MARC MERRILL PROMISES TO UNBAN TYLER1 IF THIS POST REACHES /R/ALL, #FREETYLER1",,769,39856,0.65,1491059242.0,https://pbs.twimg.com/media/CvS_r8KWEAEYSzo.jpg
19,I made my Yone cosplay look like a cinematic (kinda),,415,38495,0.9,1604784812.0,https://v.redd.it/x3sh5zdczvx51
20,"Lead Riot member, ""he [tyler1] looks like a damn humunculous"" and, ""honestly.. its fine he'll die from a coke overdose or testicular cancer from all the steroids.. then we'll be gucci""",,8672,38361,0.82,1506848624.0,https://www.reddit.com/r/leagueoflegends/comments/73ko9b/lead_riot_member_he_tyler1_looks_like_a_damn/
21,KDA Akali Cosplay while playing the KDA LoL song expert + on beatsaber on a unicycle (do not try this at home),,860,37943,0.89,1603991185.0,https://v.redd.it/2xwgcmf3f2w51
22,"Stayed at my girlfriends parents for Christmas and didn’t bring my laptop. Remembered I’d installed league on hers some years ago and thought I’d play while she slept, only to get graced with this gem of a loading screen one last time while it updated",,650,37558,0.91,1608956579.0,https://v.redd.it/6rsimg79kg761
23,I just reached [x rank] and I couldn't be happier.,,864,36883,0.88,1603197346.0,https://www.reddit.com/r/leagueoflegends/comments/jeoloq/i_just_reached_x_rank_and_i_couldnt_be_happier/
24,This feeling when you found your prestige mistress on ARAM,,378,36844,0.94,1588098232.0,https://v.redd.it/8as82rjrplv41
25,"1 upvote = 1 prayer to bring back old graves, pls help i loved him",,688,36393,0.79,1522549601.0,https://i.redd.it/vb607a52k7p01.png
26,Malphite mirror match up,,563,36363,0.93,1597927479.0,https://v.redd.it/4x5z9035l5i51
27,"Imaqtpie, Scarra, Dyrus, Voyboy, and Shiphtur are Echo Fox's new Challenger team",,3313,35966,0.86,1496408131.0,https://dotesports.com/league-of-legends/echo-fox-challenger-imaqtpie-dyrus-14987
28,"Professor Akali intentionally feeding and going afk 16 games in a row just to make a ""Challenger Akali Main visits Iron 4"" Video",,2130,35081,0.93,1601377500.0,https://www.reddit.com/r/leagueoflegends/comments/j1x43u/professor_akali_intentionally_feeding_and_going/
29,Warriors | Season 2020 Cinematic - League of Legends (ft. 2WEI and Edda Hayes),,4340,34786,0.89,1578570859.0,https://www.youtube.com/watch?v=aR-KAldshAE
30,"LORD MARC SAYS THAT IF THIS POST REACHES /R/ALL, HE WILL PERSONALLY DELETE YASUO FROM LEAGUE OF LEGENDS",,320,34721,0.72,1491072170.0,http://pm1.narvii.com/5757/b38a6cf2d383fea04168857e79846abe48622ae7_hq.jpg
31,TSM Bjergsen Announcement,,4015,34680,0.86,1603555296.0,https://www.youtube.com/watch?v=1icY4L92G0o
32,I learned to stop worrying about Aphelios by just playing Mundo,,848,34577,0.93,1576690930.0,https://www.reddit.com/r/leagueoflegends/comments/ecftym/i_learned_to_stop_worrying_about_aphelios_by_just/
33,Royal Never Give Up vs. G2 Esports / 2018 World Championship - Quarter-Final / Post-Match Discussion,,7621,34301,0.91,1540040690.0,https://www.reddit.com/r/leagueoflegends/comments/9ptz42/royal_never_give_up_vs_g2_esports_2018_world/
34,"Averaging 27 deaths a game, the all female team Vaevictis has been kicked from the LCL",,193,33899,0.88,1582035051.0,https://www.theloadout.com/league-of-legends/vaevictis-lcl?fbclid=IwAR2TzRXM5qYgZ4ESC197y_xeViI3BxNDl78NPqbtkZtCmLDHKGAGgUxfzWg
35,The Color Blind Experience,,874,33641,0.93,1614010427.0,https://v.redd.it/uyj33fmmz1j61
36,"I traveled back in time from 2050 and I am an Emerald IV toplane player. As I already know your questions, I will answer before you write.",,1903,32784,0.86,1515688888.0,https://www.reddit.com/r/leagueoflegends/comments/7ppcgz/i_traveled_back_in_time_from_2050_and_i_am_an/
37,Voyboy's thoughts on NA solo queue,,5149,32478,0.86,1588636052.0,https://www.youtube.com/watch?v=KpTnmyECT4s
38,Promos for Platinum ended up being an adventure so I made a video about it.,,1337,32412,0.93,1598788131.0,https://v.redd.it/54ff7wfjn4k51
39,"/R/DOTA2 DOESN'T WANT THIS PIC OF OUR LORD MARC MERRILL ON /R/ALL, WHAT DO YOU THINK /R/THE_MERRILL?",,854,32273,0.61,1491002681.0,http://i.imgur.com/QcfbOn2.png
40,"We may lost the game, but we won the mental war",,492,31990,0.94,1589142345.0,https://v.redd.it/jp346et0yzx41
41,"After a ranked game, Brand said that we didn't give enough peeling (with 18 deaths). Checked the replay to see how he died and if he was right, ended up coming up with this montage of his deaths. Enjoy these clips sync'd with ""In the Hall of The Mountain King""",,1699,31982,0.93,1597436243.0,https://v.redd.it/95jylogf01h51
42,I told my little brother that if he ulted a Lee-Sin mid Q that I'd give him ten bucks. I think I owe him a lot more than that.,,480,31664,0.96,1594940408.0,https://v.redd.it/yek8lo4quab51
43,Afreeca Freecs vs. Cloud9 / 2018 World Championship - Quarter-Final / Post-Match Discussion,,7038,31644,0.9,1540103398.0,https://www.reddit.com/r/leagueoflegends/comments/9q1h4m/afreeca_freecs_vs_cloud9_2018_world_championship/
44,Best Yasuo Cosplay Hands Down!,,418,31399,0.9,1590949235.0,https://v.redd.it/pjwbsie775251
45,Tyler1 officialy joins T1,,1657,30543,0.83,1602965473.0,https://youtu.be/J7jTDXgxY9U
46,Whoever says that Malphite and Mundo are played by people with a single brain cell are wrong. They actually share that brain cell between the two champion.,,427,30113,0.95,1606103188.0,https://v.redd.it/sveva7gpvw061
47,Invictus Gaming vs. Team Liquid / MSI 2019 - Semi-Final / Post-Match Discussion,,9421,29965,0.88,1558100332.0,https://www.reddit.com/r/leagueoflegends/comments/bprdvi/invictus_gaming_vs_team_liquid_msi_2019_semifinal/
48,Unstoppable force meets confused drunk,,288,29730,0.95,1613930277.0,https://v.redd.it/wljfw4fgcvi61
49,SK Telecom T1 vs. G2 Esports / 2019 World Championship - Semi-Final / Post-Match Discussion,,7516,29520,0.87,1572792202.0,https://www.reddit.com/r/leagueoflegends/comments/dr19u2/sk_telecom_t1_vs_g2_esports_2019_world/
50,Upvote to make Papaya_Dreaming a mod,,372,29188,0.77,1522552916.0,https://www.reddit.com/r/leagueoflegends/comments/88nz66/upvote_to_make_papaya_dreaming_a_mod/
51,Terror in Demacia | League of Legends,,1857,29164,0.92,1584118855.0,https://www.youtube.com/watch?v=jNn2F39G-6s
52,I feel like league is a game that's much more fun to think about playing than it is to actually play,,2120,28936,0.92,1592760795.0,https://www.reddit.com/r/leagueoflegends/comments/hdavav/i_feel_like_league_is_a_game_thats_much_more_fun/
53,Rekkles Leaves Fnatic,,3446,28703,0.85,1605730735.0,https://fnatic.com/articles/rekkles-leaves-fnatic/
54,My cleanest escape yet on vayne !,,645,28641,0.92,1542333877.0,https://v.redd.it/u31rqiysoly11
55,Legendary Winion,,592,28517,0.96,1576879807.0,https://v.redd.it/3kluchcl2v541
56,A very desperate Teemo steal tilts the jungler,,516,28448,0.95,1597223941.0,https://v.redd.it/kvulx3j7hjg51
57,Amumu needs an ultimate/legendary happy skin and part of the proceeds should go to a mental health campaign,,680,28429,0.92,1571308996.0,https://www.reddit.com/r/leagueoflegends/comments/dj4l9a/amumu_needs_an_ultimatelegendary_happy_skin_and/
58,Challenger Teemo Mechanics at Work,,406,28368,0.96,1609280256.0,https://v.redd.it/ruprxpvoa7861
59,"I want the ""Honor your opponent"" back. I want to be able to show my opponents that I enjoyed playing against them.",,985,28349,0.89,1604319246.0,https://www.reddit.com/r/leagueoflegends/comments/jmmc9z/i_want_the_honor_your_opponent_back_i_want_to_be/
60,"Red Side Cannon Minions have 20 lower attack range than Blue Side ones (for 11 years, since Alpha)",,1190,28278,0.95,1595852458.0,https://www.reddit.com/r/leagueoflegends/comments/hyr8dn/red_side_cannon_minions_have_20_lower_attack/
61,Awaken (ft. Valerie Broussard) | League of Legends Cinematic - Season 2019,,3402,28247,0.89,1548071864.0,https://www.youtube.com/watch?v=zF5Ddo9JdpY&feature=youtu.be
62,[Spoiler] Counter Logic Gaming vs Team SoloMid / NA LCS 2015 Spring Week 4 / Post-Match Discussion,Karma,7018,28237,0.83,1424042324.0,https://www.reddit.com/r/leagueoflegends/comments/2w0nu9/spoiler_counter_logic_gaming_vs_team_solomid_na/
63,"[Satire] REPORT: Due to a highly volatile win rate, every player is currently limited to 3 Swain games a day.",,527,28210,0.93,1611946296.0,https://www.reddit.com/r/leagueoflegends/comments/l80nz3/satire_report_due_to_a_highly_volatile_win_rate/
64,Senna: Shadow’s Embrace | Champion Animated Trailer - League of Legends,,2379,28165,0.89,1571188575.0,https://www.youtube.com/watch?v=ZjvDFvzfxsQ&feature=youtu.be
65,Another top Chinese leesin main. Don’t breath,,900,28130,0.87,1578203442.0,https://v.redd.it/wn1poclefw841
66,A 53 year old Mum giving thanks to League of Legends for helping her to reconnect with her son,,780,28095,0.9,1606439520.0,https://www.reddit.com/r/leagueoflegends/comments/k1rhma/a_53_year_old_mum_giving_thanks_to_league_of/
67,"If you don't have flash, just pretend that you do.",,418,28033,0.96,1607200198.0,https://v.redd.it/j071hqclhf361
68,A WIP Preview of my Vel'Koz LED Strip Integration. Doesn't work flawlessly just yet :-),,571,27826,0.94,1585163131.0,https://v.redd.it/lvqs2ua19vo41
69,How should I deal with being held hostage in a ranked game for over four hours by colluding duos?,,1920,27828,0.92,1514617707.0,https://www.reddit.com/r/leagueoflegends/comments/7n08zw/how_should_i_deal_with_being_held_hostage_in_a/
70,"Chinese leesin main, crazy",,1162,27622,0.88,1574094783.0,https://v.redd.it/1pl0437c2hz31
71,The Greatest Minion Ever,,470,27518,0.95,1607998295.0,https://v.redd.it/rcy32m2rd9561
72,The Only Way to Solve Toxicity is with More Sexually Aggressive Skins/Champions,,898,27299,0.88,1589812205.0,https://www.reddit.com/r/leagueoflegends/comments/gm2hd4/the_only_way_to_solve_toxicity_is_with_more/
73,"Riot Games appears to censor ""Hong Kong"" during Worlds 2019 broadcasts",,2780,27270,0.9,1570623022.0,https://dotesports.com/league-of-legends/news/riot-games-appears-to-censor-hong-kong-during-worlds-2019-broadcasts?utm_source=twitter&utm_medium=social&utm_campaign=dottwt
74,"Gentleman’s agreement; Red side ban Yasuo, Blue side ban Yone",,1442,27159,0.92,1595918337.0,https://www.reddit.com/r/leagueoflegends/comments/hz9oqb/gentlemans_agreement_red_side_ban_yasuo_blue_side/
75,ok,,3077,27154,0.92,1554098562.0,https://i.redd.it/1mfbraeeflp21.png
76,I was the kench I blocked 4 rockets to save that yasuo and still got the gold its a normal game right but I liked the play and wanted to share it ^^,,664,27091,0.94,1559910951.0,https://v.redd.it/354q7a3shx231
77,Just a terrific and impeccable display of skill for my first ever penta,,420,26990,0.94,1599149799.0,https://v.redd.it/s2j9wb5qjyk51
78,Alexandria Ocasio-Cortez plays League! This was on her Instagram today!,,6031,26970,0.72,1573647675.0,https://www.reddit.com/r/leagueoflegends/comments/dvqz73/alexandria_ocasiocortez_plays_league_this_was_on/
79,Unassuming jungler brutally slaughtered by ravenous disco wolves,,296,26952,0.96,1597721688.0,https://v.redd.it/az25g495loh51
80,After 4 months of work I can show the champion I created for League of Legends,,1325,26936,0.95,1601809364.0,https://www.reddit.com/r/leagueoflegends/comments/j4x6yq/after_4_months_of_work_i_can_show_the_champion_i/
81,"My first post in Reddit, I hope you like the new rework Volibear painting.",,653,26766,0.94,1592108346.0,https://v.redd.it/2nkd716nxs451
82,First time I tried this with Gnars Q,,355,26732,0.95,1613042668.0,https://v.redd.it/liibo8ed2ug61
83,Making A zoo in urf,,315,26619,0.96,1604757778.0,https://v.redd.it/fgfppu06rtx51
84,"According to current ecological data, 247,259,600 people have died since the last Zilean skin was released. (1631 days ago)",,678,26562,0.92,1572274303.0,https://www.reddit.com/r/leagueoflegends/comments/do9vtz/according_to_current_ecological_data_247259600/
85,Jax + Vayne Pixel art,,273,26537,0.96,1587126321.0,https://v.redd.it/8sjneaaqfdt41
86,Friend shows how balanced Fiddle is,,953,26439,0.95,1595181382.0,https://v.redd.it/1zd1r2ykrub51
87,Alistar flashes to take a bullet for Samira.,,474,26099,0.96,1611070874.0,https://v.redd.it/ahip3x5v6bc61
88,K/DA - THE BADDEST (Pre-Release Single) | League of Legends,,2383,26039,0.84,1598554700.0,https://youtube.com/watch?v=RkID8_gnTxw
89,"""YASUO"". If this gets enough upvotes it will be the first thing people see when they type ""Yasuo"". The honorable 58th Prime Minister of Japan, not the cancer weeb champ.",,130,25854,0.88,1522578029.0,https://en.m.wikipedia.org/wiki/Yasuo_Fukuda
90,Who says season 11 is an assassin meta? 5 bami items taking baron without touching it.,,1160,25835,0.93,1605427463.0,https://v.redd.it/sya0d6p92dz51
91,"Support players, you are the real heroes",,567,25833,0.94,1601333974.0,https://v.redd.it/kyzi75scyyp51
92,The greatest 1vs1 moment 2020,,555,25769,0.96,1606692645.0,https://v.redd.it/fqx7at4jk9261
93,Small reminder that Riot hates Frogs,,669,25745,0.96,1592477053.0,https://v.redd.it/1vynese9en551
94,Sneaky Dark Lux Cosplay,,1931,25724,0.88,1520882590.0,https://www.reddit.com/r/leagueoflegends/comments/83xozv/sneaky_dark_lux_cosplay/
95,Yuumi ruined the whole operation.,,1004,25551,0.93,1613811085.0,https://v.redd.it/goo3yzvbjli61
96,Champion model in client (concept) repost,,702,25453,0.94,1590430486.0,https://v.redd.it/d4v4t8qscy051
97,Alexandria Ocasio-Cortez makes it to Silver III during quarantine!,,511,25445,0.77,1594696591.0,https://www.reddit.com/r/leagueoflegends/comments/hqtuvc/alexandria_ocasiocortez_makes_it_to_silver_iii/
98,As promised I made Ekko's bat from trash,,319,25431,0.95,1594412329.0,https://v.redd.it/xd8isgst83a51
99,"Ziggs is practically obsolete, with only a 0.8% pick-rate. To make him meta again, I propose replacing his character model with an anime girl. Introducing Kled and Zigg's adoptive daughter: KLEEGS, the Hexplosive Expert",,1148,25356,0.89,1615652060.0,https://www.reddit.com/r/leagueoflegends/comments/m49dx5/ziggs_is_practically_obsolete_with_only_a_08/
